"last_name, first_name","player_id","year","player_age","ab","hit","home_run","batting_avg","slg_percent","on_base_percent","on_base_plus_slg","b_rbi","r_total_stolen_base"
"Pujols, Albert","405395","2019","39","491","120","23",".244",".430",".305","0.735","93","3"
"Cabrera, Miguel","408234","2019","36","493","139","12",".282",".398",".346","0.744","59","0"
"Choo, Shin-Soo","425783","2019","36","563","149","24",".265",".455",".371","0.826","61","15"
"Jones, Adam","430945","2019","33","485","126","16",".260",".414",".313","0.727","67","2"
"Cruz Jr., Nelson","443558","2019","38","454","141","41",".311",".639",".392","1.031","108","0"
"Longoria, Evan","446334","2019","33","453","115","20",".254",".437",".325","0.762","69","3"
"Fowler, Dexter","451594","2019","33","487","116","19",".238",".409",".346","0.755","67","8"
"Cabrera, Asdrúbal","452678","2019","33","447","116","18",".260",".441",".342","0.783","91","4"
"Blackmon, Charlie","453568","2019","32","580","182","32",".314",".576",".364","0.940","86","2"
"Cain, Lorenzo","456715","2019","33","562","146","11",".260",".372",".325","0.697","48","18"
"Turner, Justin","457759","2019","34","479","139","27",".290",".509",".372","0.881","67","2"
"Votto, Joey","458015","2019","35","525","137","15",".261",".411",".357","0.768","47","5"
"Gardner, Brett","458731","2019","35","491","123","28",".251",".503",".325","0.828","74","10"
"Braun, Ryan","460075","2019","35","459","131","22",".285",".505",".343","0.848","75","11"
"Gordon, Alex","460086","2019","35","556","148","13",".266",".396",".345","0.741","76","5"
"Andrus, Elvis","462101","2019","30","600","165","12",".275",".393",".313","0.706","72","31"
"Ramos, Wilson","467092","2019","31","473","136","14",".288",".416",".351","0.767","73","1"
"Santana, Carlos","467793","2019","33","573","161","34",".281",".515",".397","0.912","93","4"
"Belt, Brandon","474832","2019","31","526","123","17",".234",".403",".339","0.742","57","4"
"Brantley Jr., Michael","488726","2019","32","575","179","22",".311",".503",".372","0.875","90","3"
"Gurriel, Yuli","493329","2019","35","564","168","31",".298",".541",".343","0.884","104","5"
"Rojas, Miguel","500743","2019","30","483","137","5",".284",".379",".331","0.710","46","9"
"Escobar, Eduardo","500871","2019","30","636","171","35",".269",".511",".320","0.831","118","5"
"Davis, Khris","501981","2019","31","481","106","23",".220",".387",".293","0.680","73","0"
"Pham, Tommy","502054","2019","31","567","155","21",".273",".450",".369","0.819","68","25"
"Martinez, J.D.","502110","2019","31","575","175","36",".304",".557",".383","0.940","105","2"
"Reddick, Josh","502210","2019","32","501","138","14",".275",".409",".319","0.728","56","5"
"Goldschmidt, Paul","502671","2019","31","597","155","34",".260",".476",".346","0.822","97","3"
"Altuve, Jose","514888","2019","29","500","149","31",".298",".550",".353","0.903","74","6"
"Hernández, César","514917","2019","29","612","171","14",".279",".408",".333","0.741","71","9"
"Segura, Jean","516416","2019","29","576","161","12",".280",".420",".323","0.743","60","10"
"Castro, Starlin","516770","2019","29","636","172","22",".270",".436",".300","0.736","86","2"
"Marte, Starling","516782","2019","30","539","159","23",".295",".503",".342","0.845","82","25"
"Donaldson, Josh","518626","2019","33","549","142","37",".259",".521",".379","0.900","94","4"
"Freeman, Freddie","518692","2019","29","597","176","38",".295",".549",".389","0.938","121","6"
"Grandal, Yasmani","518735","2019","30","513","126","28",".246",".468",".380","0.848","77","5"
"Heyward, Jason","518792","2019","29","513","129","21",".251",".429",".343","0.772","62","8"
"LeMahieu, DJ","518934","2019","30","602","197","26",".327",".518",".375","0.893","102","5"
"Moustakas, Mike","519058","2019","30","523","133","35",".254",".516",".329","0.845","87","3"
"Rizzo, Anthony","519203","2019","29","512","150","27",".293",".520",".405","0.925","94","5"
"Galvis, Freddy","520471","2019","29","557","145","23",".260",".438",".296","0.734","70","4"
"García, Avisaíl","541645","2019","28","489","138","20",".282",".464",".332","0.796","72","10"
"Ozuna, Marcell","542303","2019","28","485","117","29",".241",".472",".328","0.800","89","12"
"Villar, Jonathan","542340","2019","28","642","176","24",".274",".453",".339","0.792","73","40"
"Santana, Danny","542454","2019","28","474","134","28",".283",".534",".324","0.858","81","21"
"Crawford, Brandon","543063","2019","32","500","114","11",".228",".350",".304","0.654","59","3"
"Hosmer, Eric","543333","2019","29","619","164","22",".265",".425",".310","0.735","99","0"
"Kipnis, Jason","543401","2019","32","458","112","17",".245",".410",".304","0.714","65","7"
"Rendon, Anthony","543685","2019","29","545","174","34",".319",".598",".412","1.010","126","5"
"Semien, Marcus","543760","2019","28","657","187","33",".285",".522",".369","0.891","92","10"
"Springer III, George","543807","2019","29","479","140","39",".292",".591",".383","0.974","96","6"
"Vázquez, Christian","543877","2019","28","482","133","23",".276",".477",".320","0.797","72","4"
"Wong, Kolten","543939","2019","28","478","136","11",".285",".423",".361","0.784","59","24"
"Garcia, Leury","544725","2019","28","577","161","8",".279",".378",".310","0.688","40","15"
"Grichuk, Randal","545341","2019","27","586","136","31",".232",".457",".280","0.737","80","2"
"Trout, Mike","545361","2019","27","470","137","45",".291",".645",".438","1.083","104","11"
"Harper, Bryce","547180","2019","26","573","149","35",".260",".510",".372","0.882","114","15"
"Abreu, José","547989","2019","32","634","180","33",".284",".503",".330","0.833","123","2"
"Suárez, Eugenio","553993","2019","27","575","156","49",".271",".572",".358","0.930","103","3"
"Santana, Domingo","570267","2019","26","451","114","21",".253",".441",".329","0.770","69","8"
"Sánchez, Yolmer","570560","2019","27","496","125","2",".252",".321",".318","0.639","43","5"
"Arenado, Nolan","571448","2019","28","588","185","41",".315",".583",".379","0.962","118","3"
"Muncy, Max","571970","2019","28","487","122","35",".251",".515",".374","0.889","98","4"
"Voit III, Luke","572228","2019","28","429","113","21",".263",".464",".378","0.842","62","0"
"Walker, Christian","572233","2019","28","529","137","29",".259",".476",".348","0.824","73","8"
"Iglesias, Jose","578428","2019","29","504","145","11",".288",".407",".318","0.725","59","6"
"Bryant, Kris","592178","2019","27","543","153","31",".282",".521",".382","0.903","77","4"
"Castellanos, Nick","592206","2019","27","615","178","27",".289",".525",".337","0.862","73","2"
"Machado, Manny","592518","2019","26","587","150","32",".256",".462",".334","0.796","85","5"
"Moran, Colin","592567","2019","26","466","129","13",".277",".429",".322","0.751","80","0"
"Pederson, Joc","592626","2019","27","450","112","36",".249",".538",".339","0.877","74","1"
"Realmuto, J.T.","592663","2019","28","538","148","25",".275",".493",".328","0.821","83","9"
"Rosario, Eddie","592696","2019","27","562","155","32",".276",".500",".300","0.800","109","3"
"Yelich, Christian","592885","2019","27","489","161","44",".329",".671",".429","1.100","97","30"
"Merrifield, Whit","593160","2019","30","681","206","16",".302",".463",".348","0.811","74","20"
"Bogaerts, Xander","593428","2019","26","614","190","33",".309",".555",".384","0.939","117","4"
"Alberto, Hanser","593643","2019","26","524","160","12",".305",".422",".329","0.751","51","4"
"Polanco, Jorge","593871","2019","25","631","186","22",".295",".485",".356","0.841","79","4"
"Calhoun, Kole","594777","2019","31","552","128","33",".232",".467",".325","0.792","74","4"
"Eaton, Adam","594809","2019","30","566","158","15",".279",".428",".365","0.793","49","15"
"Profar, Jurickson","595777","2019","26","459","100","20",".218",".410",".301","0.711","67","9"
"Báez, Javier","595879","2019","26","531","149","29",".281",".531",".316","0.847","85","11"
"Lindor, Francisco","596019","2019","25","598","170","32",".284",".518",".335","0.853","74","22"
"Odor, Rougned","596059","2019","25","522","107","30",".205",".439",".283","0.722","93","11"
"Story, Trevor","596115","2019","26","588","173","35",".294",".554",".363","0.917","85","23"
"Vogelbach, Daniel","596129","2019","26","462","96","30",".208",".439",".341","0.780","76","0"
"Kepler, Max","596146","2019","26","524","132","36",".252",".519",".336","0.855","90","1"
"Bradley Jr., Jackie","598265","2019","29","494","111","21",".225",".421",".317","0.738","62","8"
"Núñez, Renato","600524","2019","25","541","132","31",".244",".460",".311","0.771","90","1"
"Ahmed, Nick","605113","2019","29","556","141","19",".254",".437",".316","0.753","82","8"
"Anderson, Brian","605119","2019","26","459","120","20",".261",".468",".342","0.810","66","5"
"Bell, Josh","605137","2019","26","527","146","37",".277",".569",".367","0.936","116","0"
"Betts, Mookie","605141","2019","26","597","176","29",".295",".524",".391","0.915","80","16"
"Smith, Mallex","605480","2019","26","510","116","6",".227",".335",".300","0.635","37","46"
"Arcia, Orlando","606115","2019","24","494","110","15",".223",".350",".283","0.633","59","8"
"Marte, Ketel","606466","2019","25","569","187","32",".329",".592",".389","0.981","92","10"
"Turner, Trea","607208","2019","26","521","155","19",".298",".497",".353","0.850","57","35"
"Pillar, Kevin","607680","2019","30","611","158","21",".259",".432",".287","0.719","88","14"
"Ramírez, José","608070","2019","26","482","123","23",".255",".479",".327","0.806","83","24"
"Bregman, Alex","608324","2019","25","554","164","41",".296",".592",".423","1.015","112","5"
"Seager, Corey","608369","2019","25","489","133","19",".272",".483",".335","0.818","87","1"
"Reyes, Franmil","614177","2019","23","494","123","37",".249",".512",".310","0.822","81","0"
"Swanson, Dansby","621020","2019","25","483","121","17",".251",".422",".325","0.747","65","10"
"Newman, Kevin","621028","2019","25","493","152","12",".308",".446",".353","0.799","64","16"
"Olson, Matt","621566","2019","25","483","129","36",".267",".545",".351","0.896","91","0"
"Alonso, Pete","624413","2019","24","597","155","53",".260",".583",".358","0.941","120","1"
"Conforto, Michael","624424","2019","26","549","141","33",".257",".494",".363","0.857","92","7"
"Frazier, Adam","624428","2019","27","554","154","10",".278",".417",".336","0.753","50","5"
"Puig, Yasiel","624577","2019","28","555","148","24",".267",".458",".327","0.785","84","19"
"Soler, Jorge","624585","2019","27","589","156","48",".265",".569",".354","0.923","117","3"
"Meadows, Austin","640457","2019","24","530","154","33",".291",".558",".364","0.922","89","12"
"Anderson, Tim","641313","2019","26","498","167","18",".335",".508",".357","0.865","56","17"
"Bellinger, Cody","641355","2019","23","558","170","47",".305",".629",".406","1.035","115","15"
"Dozier, Hunter","641531","2019","27","523","146","26",".279",".522",".348","0.870","84","2"
"Mancini III, Trey","641820","2019","27","602","175","35",".291",".535",".364","0.899","97","1"
"McMahon, Ryan","641857","2019","24","480","120","24",".250",".450",".329","0.779","83","5"
"Rosario, Amed","642708","2019","23","616","177","15",".287",".432",".323","0.755","72","19"
"Adames, Willy","642715","2019","23","531","135","20",".254",".418",".317","0.735","52","4"
"Benintendi, Andrew","643217","2019","24","541","144","13",".266",".431",".343","0.774","68","10"
"McNeil, Jeff","643446","2019","27","510","162","23",".318",".531",".384","0.915","75","5"
"Albies, Ozzie","645277","2019","22","640","189","24",".295",".500",".352","0.852","86","15"
"Robles, Victor","645302","2019","22","546","139","17",".255",".419",".326","0.745","65","28"
"Devers, Rafael","646240","2019","22","647","201","32",".311",".555",".361","0.916","115","8"
"Jiménez, Eloy","650391","2019","22","468","125","31",".267",".513",".315","0.828","79","0"
"Torres, Gleyber","650402","2019","22","546","152","38",".278",".535",".337","0.872","90","5"
"Chapman, Matt","656305","2019","26","583","145","36",".249",".506",".342","0.848","91","1"
"Hoskins, Rhys","656555","2019","26","570","129","29",".226",".454",".364","0.818","85","2"
"Schwarber, Kyle","656941","2019","26","529","132","38",".250",".531",".339","0.870","92","2"
"DeJong, Paul","657557","2019","25","583","136","30",".233",".444",".318","0.762","78","9"
"Moncada, Yoán","660162","2019","24","511","161","25",".315",".548",".367","0.915","79","10"
"Acuña Jr., Ronald","660670","2019","21","626","175","41",".280",".518",".365","0.883","101","37"
"Fletcher, David","664058","2019","25","596","173","6",".290",".384",".350","0.734","49","8"
"Guerrero Jr., Vladimir","665489","2019","20","464","126","15",".272",".433",".339","0.772","69","0"
"Soto, Juan","665742","2019","20","542","153","34",".282",".548",".401","0.949","110","12"
"Reynolds, Bryan","668804","2019","24","491","154","16",".314",".503",".377","0.880","68","3"
"Cabrera, Miguel","408234","2020","37","204","51","10",".250",".417",".329","0.746","35","1"
"Cruz Jr., Nelson","443558","2020","39","185","56","16",".303",".595",".397","0.992","33","0"
"Peralta, David","444482","2020","32","203","61","5",".300",".433",".339","0.772","34","1"
"Longoria, Evan","446334","2020","34","193","49","7",".254",".425",".297","0.722","28","0"
"Cabrera, Asdrúbal","452678","2020","34","190","46","8",".242",".447",".305","0.752","31","0"
"Blackmon, Charlie","453568","2020","33","221","67","6",".303",".448",".356","0.804","42","2"
"Solano, Donovan","456781","2020","32","190","62","3",".326",".463",".365","0.828","29","0"
"McCutchen, Andrew","457705","2020","33","217","55","10",".253",".433",".324","0.757","34","4"
"Votto, Joey","458015","2020","36","186","42","11",".226",".446",".354","0.800","22","0"
"Santana, Carlos","467793","2020","34","206","41","8",".199",".350",".349","0.699","30","0"
"Brantley Jr., Michael","488726","2020","33","170","51","5",".300",".476",".364","0.840","22","2"
"Gurriel, Yuli","493329","2020","36","211","49","6",".232",".384",".274","0.658","22","0"
"Escobar, Eduardo","500871","2020","31","203","43","4",".212",".335",".270","0.605","20","1"
"Martinez, J.D.","502110","2020","32","211","45","7",".213",".389",".291","0.680","27","1"
"Reddick, Josh","502210","2020","33","188","46","4",".245",".378",".316","0.694","23","1"
"Goldschmidt, Paul","502671","2020","32","191","58","6",".304",".466",".417","0.883","21","1"
"Gonzalez, Marwin","503556","2020","31","175","37","5",".211",".320",".286","0.606","22","0"
"Altuve, Jose","514888","2020","30","192","42","5",".219",".344",".286","0.630","18","2"
"Hernández, César","514917","2020","30","233","66","3",".283",".408",".355","0.763","20","0"
"Segura, Jean","516416","2020","30","192","51","7",".266",".422",".347","0.769","25","2"
"Marte, Starling","516782","2020","31","228","64","6",".281",".430",".340","0.770","27","10"
"Freeman, Freddie","518692","2020","30","214","73","13",".341",".640",".462","1.102","53","2"
"Grandal, Yasmani","518735","2020","31","161","37","8",".230",".422",".351","0.773","27","0"
"LeMahieu, DJ","518934","2020","31","195","71","10",".364",".590",".421","1.011","27","3"
"Rizzo, Anthony","519203","2020","30","203","45","11",".222",".414",".342","0.756","24","3"
"Flores, Wilmer","527038","2020","28","198","53","12",".268",".515",".315","0.830","32","1"
"García, Avisaíl","541645","2020","29","181","43","2",".238",".326",".333","0.659","15","1"
"Ozuna, Marcell","542303","2020","29","228","77","18",".338",".636",".431","1.067","56","0"
"Villar, Jonathan","542340","2020","29","185","43","2",".232",".292",".301","0.593","15","16"
"Aguilar, Jesús","542583","2020","30","188","52","8",".277",".457",".352","0.809","34","0"
"Crawford, Brandon","543063","2020","33","172","44","8",".256",".465",".326","0.791","28","1"
"Grossman, Robbie","543257","2020","30","166","40","8",".241",".482",".344","0.826","23","8"
"Hicks, Aaron","543305","2020","30","169","38","6",".225",".414",".379","0.793","21","4"
"Rendon, Anthony","543685","2020","30","189","54","9",".286",".497",".418","0.915","31","0"
"Semien, Marcus","543760","2020","29","211","47","7",".223",".374",".305","0.679","23","4"
"Springer III, George","543807","2020","30","189","50","14",".265",".540",".359","0.899","32","1"
"Vázquez, Christian","543877","2020","29","173","49","7",".283",".457",".344","0.801","23","4"
"Wong, Kolten","543939","2020","29","181","48","1",".265",".326",".350","0.676","16","5"
"Gregorius, Didi","544369","2020","30","215","61","10",".284",".488",".339","0.827","40","3"
"Grichuk, Randal","545341","2020","28","216","59","12",".273",".481",".312","0.793","35","1"
"Trout, Mike","545361","2020","28","199","56","17",".281",".603",".390","0.993","46","1"
"Ruiz, Rio","547004","2020","26","185","41","9",".222",".427",".286","0.713","32","1"
"Harper, Bryce","547180","2020","27","190","51","13",".268",".542",".420","0.962","33","8"
"Abreu, José","547989","2020","33","240","76","19",".317",".617",".370","0.987","60","0"
"Suárez, Eugenio","553993","2020","28","198","40","15",".202",".470",".312","0.782","38","2"
"González, Erik","570481","2020","28","181","41","3",".227",".359",".255","0.614","20","2"
"Arenado, Nolan","571448","2020","29","182","46","8",".253",".434",".303","0.737","26","0"
"Muncy, Max","571970","2020","29","203","39","12",".192",".389",".331","0.720","27","1"
"Myers, Wil","571976","2020","29","198","57","15",".288",".606",".353","0.959","40","2"
"Pollock, AJ","572041","2020","32","196","54","16",".276",".566",".314","0.880","34","2"
"Seager, Kyle","572122","2020","32","203","49","9",".241",".433",".355","0.788","40","5"
"Voit III, Luke","572228","2020","29","213","59","22",".277",".610",".338","0.948","52","0"
"Walker, Christian","572233","2020","29","218","59","7",".271",".459",".333","0.792","34","1"
"Dickerson, Corey","572816","2020","31","194","50","7",".258",".402",".311","0.713","17","1"
"Yastrzemski, Mike","573262","2020","29","192","57","10",".297",".568",".400","0.968","35","2"
"Contreras, Willson","575929","2020","28","189","46","7",".243",".407",".356","0.763","26","1"
"Canha, Mark","592192","2020","31","191","47","5",".246",".408",".387","0.795","33","4"
"Castellanos, Nick","592206","2020","28","218","49","14",".225",".486",".298","0.784","34","0"
"Machado, Manny","592518","2020","27","224","68","16",".304",".580",".370","0.950","47","6"
"Moran, Colin","592567","2020","27","178","44","10",".247",".472",".325","0.797","23","0"
"Realmuto, J.T.","592663","2020","29","173","46","11",".266",".491",".349","0.840","32","4"
"Rosario, Eddie","592696","2020","28","210","54","13",".257",".476",".316","0.792","42","3"
"Yelich, Christian","592885","2020","28","200","41","12",".205",".430",".356","0.786","22","4"
"Merrifield, Whit","593160","2020","31","248","70","9",".282",".440",".325","0.765","30","12"
"Bogaerts, Xander","593428","2020","27","203","61","11",".300",".502",".364","0.866","28","8"
"Alberto, Hanser","593643","2020","27","219","62","3",".283",".393",".306","0.699","22","3"
"Polanco, Jorge","593871","2020","26","209","54","4",".258",".354",".304","0.658","19","4"
"Sanó, Miguel","593934","2020","27","186","38","13",".204",".478",".278","0.756","25","0"
"Calhoun, Kole","594777","2020","32","190","43","16",".226",".526",".338","0.864","40","1"
"Duvall, Adam","594807","2020","31","190","45","16",".237",".532",".301","0.833","33","0"
"Profar, Jurickson","595777","2020","27","180","50","7",".278",".428",".343","0.771","25","7"
"Báez, Javier","595879","2020","27","222","45","8",".203",".360",".238","0.598","24","3"
"Lindor, Francisco","596019","2020","26","236","61","8",".258",".415",".335","0.750","27","6"
"Story, Trevor","596115","2020","27","235","68","11",".289",".519",".355","0.874","28","15"
"Kepler, Max","596146","2020","27","171","39","9",".228",".439",".321","0.760","23","3"
"Franco, Maikel","596748","2020","27","223","62","8",".278",".457",".321","0.778","38","1"
"Bradley Jr., Jackie","598265","2020","30","191","54","7",".283",".450",".364","0.814","22","5"
"La Stella, Tommy","600303","2020","31","196","55","5",".281",".449",".370","0.819","25","1"
"Núñez, Renato","600524","2020","26","195","50","12",".256",".492",".324","0.816","31","0"
"Candelario, Jeimer","600869","2020","26","185","55","7",".297",".503",".369","0.872","29","1"
"Ahmed, Nick","605113","2020","30","199","53","5",".266",".402",".327","0.729","29","4"
"Anderson, Brian","605119","2020","27","200","51","11",".255",".465",".345","0.810","38","0"
"Bell, Josh","605137","2020","27","195","44","8",".226",".364",".305","0.669","22","0"
"Betts, Mookie","605141","2020","27","219","64","16",".292",".562",".366","0.928","39","10"
"Davis, J.D.","605204","2020","27","190","47","6",".247",".389",".371","0.760","19","0"
"Arcia, Orlando","606115","2020","25","173","45","5",".260",".416",".317","0.733","20","2"
"Tapia, Raimel","606132","2020","26","184","59","1",".321",".402",".369","0.771","17","8"
"Hernández, Teoscar","606192","2020","27","190","55","16",".289",".579",".340","0.919","34","6"
"Marte, Ketel","606466","2020","26","181","52","2",".287",".409",".323","0.732","17","1"
"Nimmo, Brandon","607043","2020","27","186","52","8",".280",".484",".404","0.888","18","1"
"Turner, Trea","607208","2020","27","233","78","12",".335",".588",".394","0.982","41","11"
"Pillar, Kevin","607680","2020","31","208","60","6",".288",".462",".336","0.798","26","5"
"Ramírez, José","608070","2020","27","219","64","17",".292",".607",".386","0.993","46","10"
"Gallo, Joey","608336","2020","26","193","35","10",".181",".378",".301","0.679","26","2"
"Seager, Corey","608369","2020","26","212","65","15",".307",".585",".358","0.943","41","1"
"Mondesi, Adalberto","609275","2020","24","219","56","6",".256",".416",".294","0.710","22","24"
"Reyes, Franmil","614177","2020","24","211","58","9",".275",".450",".344","0.794","34","0"
"Swanson, Dansby","621020","2020","26","237","65","10",".274",".464",".345","0.809","35","5"
"Taylor, Chris","621035","2020","29","185","50","8",".270",".476",".366","0.842","32","3"
"Correa, Carlos","621043","2020","25","201","53","5",".264",".383",".326","0.709","25","0"
"Olson, Matt","621566","2020","26","210","41","14",".195",".424",".310","0.734","42","1"
"Reyes, Victor","622682","2020","25","202","56","4",".277",".391",".315","0.706","14","7"
"Alonso, Pete","624413","2020","25","208","48","16",".231",".490",".326","0.816","35","1"
"Biggio, Cavan","624415","2020","25","220","55","8",".250",".432",".375","0.807","28","6"
"Conforto, Michael","624424","2020","27","202","65","9",".322",".515",".412","0.927","31","3"
"Frazier, Adam","624428","2020","28","209","48","7",".230",".364",".297","0.661","23","1"
"Cronenworth, Jake","630105","2020","26","172","49","4",".285",".477",".354","0.831","20","3"
"Anderson, Tim","641313","2020","27","208","67","10",".322",".529",".357","0.886","21","4"
"Bellinger, Cody","641355","2020","24","213","51","12",".239",".455",".333","0.788","30","6"
"Crawford, J.P.","641487","2020","25","204","52","2",".255",".338",".336","0.674","24","6"
"Dozier, Hunter","641531","2020","28","158","36","6",".228",".392",".344","0.736","12","4"
"Lewis, Kyle","641786","2020","24","206","54","11",".262",".437",".364","0.801","28","5"
"McMahon, Ryan","641857","2020","25","172","37","9",".215",".419",".295","0.714","26","0"
"Smith, Dominic","642086","2020","25","177","56","10",".316",".616",".377","0.993","42","0"
"Adames, Willy","642715","2020","24","185","48","8",".259",".481",".332","0.813","23","2"
"Kiner-Falefa, Isiah","643396","2020","25","211","59","3",".280",".370",".329","0.699","10","8"
"McNeil, Jeff","643446","2020","28","183","57","4",".311",".454",".383","0.837","23","0"
"Robles, Victor","645302","2020","23","168","37","3",".220",".315",".293","0.608","15","4"
"Devers, Rafael","646240","2020","23","232","61","11",".263",".483",".310","0.793","43","0"
"Jiménez, Eloy","650391","2020","23","213","63","14",".296",".559",".332","0.891","41","0"
"Schwarber, Kyle","656941","2020","27","191","36","11",".188",".393",".308","0.701","24","1"
"Verdugo, Alex","657077","2020","24","201","62","6",".308",".478",".367","0.845","15","4"
"White, Evan","657108","2020","24","182","32","8",".176",".346",".252","0.598","26","1"
"Laureano, Ramón","657656","2020","25","183","39","6",".213",".366",".338","0.704","25","2"
"Moncada, Yoán","660162","2020","25","200","45","6",".225",".385",".320","0.705","24","0"
"Acuña Jr., Ronald","660670","2020","22","160","40","14",".250",".581",".406","0.987","29","8"
"Riley, Austin","663586","2020","23","188","45","8",".239",".415",".301","0.716","27","0"
"Tucker, Kyle","663656","2020","23","209","56","9",".268",".512",".325","0.837","42","8"
"Grisham, Trent","663757","2020","23","215","54","10",".251",".456",".352","0.808","26","10"
"Happ, Ian","664023","2020","25","198","51","12",".258",".505",".361","0.866","28","1"
"Lowe, Brandon","664040","2020","25","193","52","14",".269",".554",".362","0.916","37","3"
"Fletcher, David","664058","2020","26","207","66","3",".319",".425",".376","0.801","18","2"
"Tatis Jr., Fernando","665487","2020","21","224","62","17",".277",".571",".366","0.937","45","11"
"Guerrero Jr., Vladimir","665489","2020","21","221","58","9",".262",".462",".329","0.791","33","1"
"Soto, Juan","665742","2020","21","154","54","13",".351",".695",".490","1.185","37","5"
"Gurriel Jr., Lourdes","666971","2020","26","208","64","11",".308",".534",".348","0.882","33","3"
"Reynolds, Bryan","668804","2020","25","185","35","7",".189",".357",".275","0.632","19","1"
"Edman, Tommy","669242","2020","25","204","51","5",".250",".368",".317","0.685","26","2"
"Solak, Nick","669256","2020","25","209","56","2",".268",".344",".326","0.670","23","7"
"Hiura, Keston","669374","2020","23","217","46","13",".212",".410",".297","0.707","32","3"
"Lopez, Nicky","670032","2020","25","169","34","1",".201",".266",".286","0.552","13","0"
"Robert Jr., Luis","673357","2020","22","202","47","11",".233",".436",".302","0.738","31","9"
"Cabrera, Miguel","408234","2021","38","472","121","15",".256",".386",".316","0.702","75","0"
"Cruz Jr., Nelson","443558","2021","40","513","136","32",".265",".497",".334","0.831","86","3"
"Peralta, David","444482","2021","33","487","126","8",".259",".402",".325","0.727","63","2"
"Blackmon, Charlie","453568","2021","34","514","139","13",".270",".411",".351","0.762","78","3"
"McCutchen, Andrew","457705","2021","34","482","107","27",".222",".444",".334","0.778","80","6"
"Turner, Justin","457759","2021","36","533","148","27",".278",".471",".361","0.832","87","3"
"Votto, Joey","458015","2021","37","448","119","36",".266",".563",".375","0.938","99","1"
"Andrus, Elvis","462101","2021","32","497","121","3",".243",".320",".294","0.614","37","12"
"Santana, Carlos","467793","2021","35","565","121","19",".214",".342",".319","0.661","69","2"
"Lowrie, Jed","476704","2021","37","457","112","14",".245",".398",".318","0.716","69","0"
"Brantley Jr., Michael","488726","2021","34","469","146","8",".311",".437",".362","0.799","47","1"
"Gurriel, Yuli","493329","2021","37","530","169","15",".319",".462",".383","0.845","81","1"
"Rojas, Miguel","500743","2021","32","495","131","9",".265",".392",".322","0.714","48","13"
"Escobar, Eduardo","500871","2021","32","549","139","28",".253",".472",".314","0.786","90","1"
"Pham, Tommy","502054","2021","33","475","109","15",".229",".383",".340","0.723","49","14"
"Martinez, J.D.","502110","2021","33","570","163","28",".286",".518",".349","0.867","99","0"
"Goldschmidt, Paul","502671","2021","33","603","177","31",".294",".514",".365","0.879","99","12"
"Altuve, Jose","514888","2021","31","601","167","31",".278",".489",".350","0.839","83","5"
"Hernández, César","514917","2021","31","570","132","21",".232",".386",".308","0.694","62","1"
"Segura, Jean","516416","2021","31","514","149","14",".290",".436",".348","0.784","58","9"
"Marte, Starling","516782","2021","32","467","145","12",".310",".458",".383","0.841","55","47"
"Donaldson, Josh","518626","2021","35","457","113","26",".247",".475",".352","0.827","72","0"
"Freeman, Freddie","518692","2021","31","600","180","31",".300",".503",".393","0.896","83","8"
"LeMahieu, DJ","518934","2021","32","597","160","10",".268",".362",".349","0.711","57","4"
"Rizzo, Anthony","519203","2021","31","496","123","22",".248",".440",".344","0.784","61","6"
"Stanton, Giancarlo","519317","2021","31","510","139","35",".273",".516",".354","0.870","97","0"
"Perez, Salvador","521692","2021","31","620","169","48",".273",".544",".316","0.860","121","1"
"García, Avisaíl","541645","2021","30","461","121","29",".262",".490",".330","0.820","86","8"
"Villar, Jonathan","542340","2021","30","454","113","18",".249",".416",".322","0.738","42","14"
"Aguilar, Jesús","542583","2021","31","449","117","22",".261",".459",".329","0.788","93","0"
"Crawford, Brandon","543063","2021","34","483","144","24",".298",".522",".373","0.895","90","11"
"Cron, C.J.","543068","2021","31","470","132","28",".281",".530",".375","0.905","92","1"
"Grossman, Robbie","543257","2021","31","557","133","23",".239",".415",".357","0.772","67","20"
"Harrison, Josh","543281","2021","33","505","141","8",".279",".400",".341","0.741","60","9"
"Hosmer, Eric","543333","2021","31","509","137","12",".269",".395",".337","0.732","65","5"
"Semien, Marcus","543760","2021","30","652","173","45",".265",".538",".334","0.872","102","15"
"Grichuk, Randal","545341","2021","29","511","123","22",".241",".423",".281","0.704","81","0"
"Harper, Bryce","547180","2021","28","488","151","35",".309",".615",".429","1.044","84","13"
"Abreu, José","547989","2021","34","566","148","30",".261",".481",".351","0.832","117","1"
"Suárez, Eugenio","553993","2021","29","505","100","31",".198",".428",".286","0.714","79","0"
"Schoop, Jonathan","570731","2021","29","623","173","22",".278",".435",".320","0.755","84","2"
"Arenado, Nolan","571448","2021","30","593","151","34",".255",".494",".312","0.806","105","2"
"Farmer, Kyle","571657","2021","30","483","127","16",".263",".416",".316","0.732","63","2"
"Haniger, Mitch","571745","2021","30","620","157","39",".253",".485",".318","0.803","100","1"
"Hernández, Enrique","571771","2021","29","508","127","20",".250",".449",".337","0.786","60","1"
"Muncy, Max","571970","2021","30","497","124","36",".249",".527",".368","0.895","94","2"
"Seager, Kyle","572122","2021","33","603","128","35",".212",".438",".285","0.723","101","3"
"Taylor, Michael A.","572191","2021","30","483","118","12",".244",".356",".297","0.653","54","14"
"Yastrzemski, Mike","573262","2021","30","468","105","25",".224",".457",".311","0.768","71","4"
"Iglesias, Jose","578428","2021","31","483","131","9",".271",".391",".309","0.700","48","5"
"Bryant, Kris","592178","2021","29","513","136","25",".265",".481",".353","0.834","73","10"
"Canha, Mark","592192","2021","32","519","120","17",".231",".387",".358","0.745","61","12"
"Castellanos, Nick","592206","2021","29","531","164","34",".309",".576",".362","0.938","100","3"
"Judge, Aaron","592450","2021","29","550","158","39",".287",".544",".373","0.917","98","6"
"Machado, Manny","592518","2021","28","564","157","28",".278",".489",".347","0.836","106","12"
"Realmuto, J.T.","592663","2021","30","476","125","17",".263",".439",".343","0.782","73","13"
"Renfroe, Hunter","592669","2021","29","521","135","31",".259",".501",".315","0.816","96","1"
"Merrifield, Whit","593160","2021","32","664","184","10",".277",".395",".317","0.712","74","40"
"Bogaerts, Xander","593428","2021","28","529","156","23",".295",".493",".370","0.863","79","5"
"Polanco, Jorge","593871","2021","27","588","158","33",".269",".503",".323","0.826","98","11"
"Sanó, Miguel","593934","2021","28","470","105","30",".223",".466",".312","0.778","75","2"
"Duvall, Adam","594807","2021","32","513","117","38",".228",".491",".281","0.772","113","5"
"Báez, Javier","595879","2021","28","502","133","31",".265",".494",".319","0.813","87","18"
"Lindor, Francisco","596019","2021","27","452","104","20",".230",".412",".322","0.734","63","10"
"Story, Trevor","596115","2021","28","526","132","24",".251",".471",".329","0.800","75","20"
"Candelario, Jeimer","600869","2021","27","557","151","16",".271",".443",".351","0.794","67","0"
"Bell, Josh","605137","2021","28","498","130","27",".261",".476",".347","0.823","88","0"
"Betts, Mookie","605141","2021","28","466","123","23",".264",".487",".367","0.854","58","10"
"Tapia, Raimel","606132","2021","27","487","133","6",".273",".372",".327","0.699","50","20"
"Hernández, Teoscar","606192","2021","28","550","163","32",".296",".524",".346","0.870","116","12"
"Turner, Trea","607208","2021","28","595","195","28",".328",".536",".375","0.911","77","32"
"Ramírez, José","608070","2021","28","552","147","36",".266",".538",".355","0.893","103","27"
"Gallo, Joey","608336","2021","27","498","99","38",".199",".458",".351","0.809","77","6"
"Swanson, Dansby","621020","2021","27","588","146","27",".248",".449",".311","0.760","88","9"
"Newman, Kevin","621028","2021","27","517","117","5",".226",".309",".265","0.574","39","6"
"Taylor, Chris","621035","2021","30","507","129","20",".254",".438",".344","0.782","73","13"
"Correa, Carlos","621043","2021","26","555","155","26",".279",".485",".366","0.851","92","0"
"Olson, Matt","621566","2021","27","565","153","39",".271",".540",".371","0.911","111","4"
"Alonso, Pete","624413","2021","26","561","147","37",".262",".519",".344","0.863","94","3"
"Frazier, Adam","624428","2021","29","577","176","5",".305",".411",".368","0.779","43","10"
"Soler, Jorge","624585","2021","29","516","115","27",".223",".432",".316","0.748","70","0"
"Cronenworth, Jake","630105","2021","27","567","151","21",".266",".460",".340","0.800","71","4"
"Meadows, Austin","640457","2021","26","518","121","27",".234",".458",".315","0.773","106","4"
"Anderson, Tim","641313","2021","28","527","163","17",".309",".469",".338","0.807","61","18"
"Crawford, J.P.","641487","2021","26","619","169","9",".273",".376",".338","0.714","54","3"
"Dozier, Hunter","641531","2021","29","487","105","16",".216",".394",".285","0.679","54","5"
"Mancini III, Trey","641820","2021","29","556","142","21",".255",".432",".326","0.758","71","0"
"McMahon, Ryan","641857","2021","26","528","134","23",".254",".449",".331","0.780","86","6"
"O'Neill, Tyler","641933","2021","26","482","138","34",".286",".560",".352","0.912","80","15"
"Rosario, Amed","642708","2021","25","550","155","11",".282",".409",".321","0.730","57","13"
"Adames, Willy","642715","2021","25","497","130","25",".262",".481",".337","0.818","73","5"
"Benintendi, Andrew","643217","2021","26","493","136","17",".276",".442",".324","0.766","73","8"
"Kiner-Falefa, Isiah","643396","2021","26","635","172","8",".271",".357",".312","0.669","53","20"
"Albies, Ozzie","645277","2021","24","629","163","30",".259",".488",".310","0.798","106","20"
"Devers, Rafael","646240","2021","24","591","165","38",".279",".538",".352","0.890","113","5"
"Urías, Luis","649966","2021","24","490","122","23",".249",".445",".345","0.790","75","5"
"Torres, Gleyber","650402","2021","24","459","119","9",".259",".366",".331","0.697","51","14"
"Díaz, Yandy","650490","2021","29","465","119","13",".256",".387",".353","0.740","64","1"
"Chapman, Matt","656305","2021","28","529","111","27",".210",".403",".314","0.717","72","3"
"Mullins II, Cedric","656775","2021","26","602","175","30",".291",".518",".360","0.878","59","30"
"Smith, Pavin","656976","2021","25","498","133","11",".267",".404",".328","0.732","49","1"
"Verdugo, Alex","657077","2021","25","544","157","13",".289",".426",".351","0.777","63","6"
"Moncada, Yoán","660162","2021","26","520","137","14",".263",".412",".375","0.787","61","3"
"Ohtani, Shohei","660271","2021","26","537","138","46",".257",".592",".372","0.964","100","26"
"Riley, Austin","663586","2021","24","590","179","33",".303",".531",".367","0.898","107","0"
"Mountcastle, Ryan","663624","2021","24","534","136","33",".255",".487",".309","0.796","89","4"
"Tucker, Kyle","663656","2021","24","506","149","30",".294",".557",".359","0.916","92","14"
"India, Jonathan","663697","2021","24","532","143","21",".269",".459",".376","0.835","69","12"
"Grisham, Trent","663757","2021","24","462","112","15",".242",".413",".327","0.740","62","13"
"Lowe, Nathaniel","663993","2021","25","557","147","18",".264",".415",".357","0.772","72","8"
"Happ, Ian","664023","2021","26","465","105","25",".226",".434",".323","0.757","66","9"
"France, Ty","664034","2021","26","571","166","18",".291",".445",".368","0.813","73","0"
"Lowe, Brandon","664040","2021","26","535","132","39",".247",".523",".340","0.863","99","7"
"Fletcher, David","664058","2021","27","626","164","2",".262",".324",".297","0.621","47","15"
"Straw, Myles","664702","2021","26","564","153","4",".271",".348",".349","0.697","48","30"
"Walsh, Jared","665120","2021","27","530","147","29",".277",".509",".340","0.849","98","2"
"Tatis Jr., Fernando","665487","2021","22","478","135","42",".282",".611",".364","0.975","97","25"
"Guerrero Jr., Vladimir","665489","2021","22","604","188","48",".311",".601",".401","1.002","111","4"
"Soto, Juan","665742","2021","22","502","157","29",".313",".534",".465","0.999","95","9"
"Chisholm Jr., Jazz","665862","2021","23","464","115","18",".248",".425",".303","0.728","53","23"
"Bichette, Bo","666182","2021","23","640","191","29",".298",".484",".343","0.827","102","25"
"Carlson, Dylan","666185","2021","22","542","144","18",".266",".437",".343","0.780","65","2"
"García, Adolis","666969","2021","28","581","141","31",".243",".454",".286","0.740","90","16"
"Gurriel Jr., Lourdes","666971","2021","27","500","138","21",".276",".466",".319","0.785","84","1"
"Arozarena, Randy","668227","2021","26","529","145","20",".274",".459",".356","0.815","69","20"
"Reynolds, Bryan","668804","2021","26","559","169","24",".302",".522",".390","0.912","90","5"
"Rojas, Josh","668942","2021","27","484","128","11",".264",".411",".341","0.752","44","9"
"Edman, Tommy","669242","2021","26","641","168","11",".262",".387",".308","0.695","56","30"
"Solak, Nick","669256","2021","26","458","111","11",".242",".362",".314","0.676","49","7"
"Hays, Austin","669720","2021","25","488","125","22",".256",".461",".308","0.769","71","4"
"Lopez, Nicky","670032","2021","26","497","149","2",".300",".378",".365","0.743","43","22"
"Alvarez, Yordan","670541","2021","24","537","149","33",".277",".531",".346","0.877","104","1"
"Cruz Jr., Nelson","443558","2022","41","448","105","10",".234",".337",".313","0.650","64","4"
"Blackmon, Charlie","453568","2022","35","530","140","16",".264",".419",".314","0.733","78","4"
"McCutchen, Andrew","457705","2022","35","515","122","17",".237",".384",".316","0.700","69","8"
"Turner, Justin","457759","2022","37","468","130","13",".278",".438",".350","0.788","81","3"
"Andrus, Elvis","462101","2022","33","535","133","17",".249",".404",".303","0.707","58","18"
"Santana, Carlos","467793","2022","36","431","87","19",".202",".376",".316","0.692","60","0"
"Gurriel, Yuli","493329","2022","38","545","132","8",".242",".360",".288","0.648","53","8"
"Rojas, Miguel","500743","2022","33","471","111","6",".236",".323",".283","0.606","36","9"
"Escobar, Eduardo","500871","2022","33","495","119","20",".240",".430",".295","0.725","69","0"
"Pham, Tommy","502054","2022","34","554","131","17",".236",".374",".312","0.686","63","8"
"Martinez, J.D.","502110","2022","34","533","146","16",".274",".448",".341","0.789","62","0"
"Goldschmidt, Paul","502671","2022","34","561","178","35",".317",".578",".404","0.982","115","7"
"Altuve, Jose","514888","2022","32","527","158","28",".300",".533",".387","0.920","57","18"
"Hernández, César","514917","2022","32","560","139","1",".248",".318",".311","0.629","34","10"
"Marte, Starling","516782","2022","33","466","136","16",".292",".468",".347","0.815","63","18"
"Donaldson, Josh","518626","2022","36","478","106","15",".222",".374",".308","0.682","62","2"
"Freeman, Freddie","518692","2022","32","612","199","21",".325",".511",".407","0.918","100","13"
"LeMahieu, DJ","518934","2022","33","467","122","12",".261",".377",".357","0.734","46","4"
"Rizzo, Anthony","519203","2022","32","465","104","32",".224",".480",".338","0.818","75","6"
"Flores, Wilmer","527038","2022","30","525","120","19",".229",".394",".316","0.710","71","0"
"Ozuna, Marcell","542303","2022","31","470","106","23",".226",".413",".274","0.687","56","2"
"Aguilar, Jesús","542583","2022","32","464","109","16",".235",".379",".281","0.660","51","1"
"Cron, C.J.","543068","2022","32","575","148","29",".257",".468",".315","0.783","102","0"
"Semien, Marcus","543760","2022","31","657","163","26",".248",".429",".304","0.733","83","25"
"Springer III, George","543807","2022","32","513","137","25",".267",".472",".342","0.814","76","14"
"Grichuk, Randal","545341","2022","30","506","131","19",".259",".425",".299","0.724","73","4"
"Abreu, José","547989","2022","35","601","183","15",".304",".446",".378","0.824","75","0"
"Suárez, Eugenio","553993","2022","30","543","128","31",".236",".459",".332","0.791","87","0"
"Urshela, Gio","570482","2022","30","501","143","13",".285",".429",".338","0.767","64","1"
"Schoop, Jonathan","570731","2022","30","481","97","11",".202",".322",".239","0.561","38","5"
"Arenado, Nolan","571448","2022","31","557","163","30",".293",".533",".358","0.891","103","5"
"Farmer, Kyle","571657","2022","31","526","134","14",".255",".386",".315","0.701","78","4"
"Muncy, Max","571970","2022","31","464","91","21",".196",".384",".329","0.713","69","2"
"Pollock, AJ","572041","2022","34","489","120","14",".245",".389",".292","0.681","56","3"
"Voit III, Luke","572228","2022","31","500","113","22",".226",".402",".308","0.710","69","1"
"Walker, Christian","572233","2022","31","583","141","36",".242",".477",".327","0.804","94","2"
"Yastrzemski, Mike","573262","2022","31","485","104","17",".214",".392",".305","0.697","57","5"
"Canha, Mark","592192","2022","33","462","123","13",".266",".403",".367","0.770","61","3"
"Castellanos, Nick","592206","2022","30","524","138","13",".263",".389",".305","0.694","62","7"
"Drury, Brandon","592273","2022","29","518","136","28",".263",".492",".320","0.812","87","2"
"Judge, Aaron","592450","2022","30","570","177","62",".311",".686",".425","1.111","131","16"
"Machado, Manny","592518","2022","29","578","172","32",".298",".531",".366","0.897","102","9"
"Realmuto, J.T.","592663","2022","31","504","139","22",".276",".478",".342","0.820","84","21"
"Renfroe, Hunter","592669","2022","30","474","121","29",".255",".492",".315","0.807","72","1"
"Yelich, Christian","592885","2022","30","575","145","14",".252",".383",".355","0.738","57","19"
"Merrifield, Whit","593160","2022","33","504","126","11",".250",".375",".298","0.673","58","16"
"Bogaerts, Xander","593428","2022","29","557","171","15",".307",".456",".377","0.833","73","8"
"Profar, Jurickson","595777","2022","29","575","140","15",".243",".391",".331","0.722","58","5"
"Báez, Javier","595879","2022","29","555","132","17",".238",".393",".278","0.671","67","9"
"Lindor, Francisco","596019","2022","28","630","170","26",".270",".449",".339","0.788","107","16"
"Bell, Josh","605137","2022","29","552","147","17",".266",".422",".362","0.784","71","0"
"Betts, Mookie","605141","2022","29","572","154","35",".269",".533",".340","0.873","82","12"
"Hernández, Teoscar","606192","2022","29","499","133","25",".267",".491",".316","0.807","77","6"
"Marte, Ketel","606466","2022","28","492","118","12",".240",".407",".321","0.728","52","5"
"Nimmo, Brandon","607043","2022","29","580","159","16",".274",".433",".367","0.800","64","3"
"Turner, Trea","607208","2022","29","652","194","21",".298",".466",".343","0.809","100","27"
"Ramírez, José","608070","2022","29","601","168","29",".280",".514",".355","0.869","126","20"
"Bregman, Alex","608324","2022","28","548","142","23",".259",".454",".366","0.820","93","1"
"Seager, Corey","608369","2022","28","593","145","33",".245",".455",".317","0.772","83","3"
"Winker, Jesse","608385","2022","28","456","100","14",".219",".344",".344","0.688","53","0"
"Swanson, Dansby","621020","2022","28","640","177","25",".277",".447",".329","0.776","96","18"
"Correa, Carlos","621043","2022","27","522","152","22",".291",".467",".366","0.833","64","0"
"Ward, Taylor","621493","2022","28","495","139","23",".281",".473",".360","0.833","65","5"
"Wisdom, Patrick","621550","2022","30","469","97","25",".207",".426",".298","0.724","66","8"
"Olson, Matt","621566","2022","28","616","148","34",".240",".477",".325","0.802","103","0"
"Mateo, Jorge","622761","2022","27","494","109","13",".221",".379",".267","0.646","50","35"
"Santander, Anthony","623993","2022","27","574","138","33",".240",".455",".318","0.773","89","0"
"Alonso, Pete","624413","2022","27","597","162","40",".271",".518",".352","0.870","131","5"
"Frazier, Adam","624428","2022","30","541","129","3",".238",".311",".301","0.612","42","11"
"Cronenworth, Jake","630105","2022","28","587","140","17",".239",".390",".332","0.722","88","3"
"Bellinger, Cody","641355","2022","26","504","106","19",".210",".389",".265","0.654","68","14"
"Crawford, J.P.","641487","2022","27","518","126","6",".243",".336",".339","0.675","42","3"
"Mancini III, Trey","641820","2022","30","519","124","18",".239",".391",".319","0.710","63","0"
"McMahon, Ryan","641857","2022","27","529","130","20",".246",".414",".327","0.741","67","7"
"Tellez, Rowdy","642133","2022","27","529","116","35",".219",".461",".306","0.767","89","2"
"Rosario, Amed","642708","2022","26","637","180","11",".283",".403",".312","0.715","71","18"
"Adames, Willy","642715","2022","26","563","134","31",".238",".458",".298","0.756","98","8"
"Estrada, Thairo","642731","2022","26","488","127","14",".260",".400",".322","0.722","62","21"
"Benintendi, Andrew","643217","2022","27","461","140","5",".304",".399",".373","0.772","51","8"
"Kemp, Tony","643393","2022","30","497","117","7",".235",".334",".307","0.641","46","11"
"Kiner-Falefa, Isiah","643396","2022","27","483","126","4",".261",".327",".314","0.641","48","22"
"McNeil, Jeff","643446","2022","30","533","174","9",".326",".454",".382","0.836","62","4"
"Devers, Rafael","646240","2022","25","555","164","27",".295",".521",".358","0.879","88","3"
"Arraez, Luis","650333","2022","25","547","173","8",".316",".420",".375","0.795","49","4"
"Torres, Gleyber","650402","2022","25","526","135","24",".257",".451",".310","0.761","76","10"
"Díaz, Yandy","650490","2022","30","473","140","9",".296",".423",".401","0.824","57","3"
"Rengifo, Luis","650859","2022","25","489","129","17",".264",".429",".294","0.723","52","6"
"Chapman, Matt","656305","2022","29","538","123","27",".229",".433",".324","0.757","76","2"
"Hoskins, Rhys","656555","2022","29","589","145","30",".246",".462",".332","0.794","79","2"
"Mullins II, Cedric","656775","2022","27","608","157","16",".258",".403",".318","0.721","64","34"
"Schwarber, Kyle","656941","2022","29","577","126","46",".218",".504",".323","0.827","94","10"
"Thomas, Lane","657041","2022","26","498","120","17",".241",".404",".301","0.705","52","8"
"Verdugo, Alex","657077","2022","26","593","166","11",".280",".405",".328","0.733","74","1"
"Ohtani, Shohei","660271","2022","27","586","160","34",".273",".519",".356","0.875","95","11"
"Acuña Jr., Ronald","660670","2022","24","467","124","15",".266",".413",".351","0.764","50","29"
"Varsho, Daulton","662139","2022","25","531","125","27",".235",".443",".302","0.745","74","16"
"Hoerner, Nico","663538","2022","25","481","135","10",".281",".410",".327","0.737","55","20"
"Riley, Austin","663586","2022","25","615","168","38",".273",".528",".349","0.877","93","2"
"Mountcastle, Ryan","663624","2022","25","555","139","22",".250",".423",".305","0.728","85","4"
"Hayes, Ke'Bryan","663647","2022","25","505","123","7",".244",".345",".314","0.659","41","20"
"Tucker, Kyle","663656","2022","25","544","140","30",".257",".478",".330","0.808","107","25"
"Grisham, Trent","663757","2022","25","451","83","17",".184",".341",".284","0.625","53","7"
"Rodgers, Brendan","663898","2022","25","527","140","13",".266",".408",".325","0.733","63","0"
"Lowe, Nathaniel","663993","2022","26","593","179","27",".302",".492",".358","0.850","76","2"
"Happ, Ian","664023","2022","27","573","155","17",".271",".440",".342","0.782","72","9"
"France, Ty","664034","2022","27","551","151","20",".274",".436",".338","0.774","83","0"
"Straw, Myles","664702","2022","27","535","118","0",".221",".273",".291","0.564","32","21"
"Bohm, Alec","664761","2022","25","586","164","13",".280",".398",".315","0.713","72","2"
"Brown, Seth","664913","2022","29","500","115","25",".230",".444",".305","0.749","73","11"
"Peña, Jeremy","665161","2022","24","521","132","22",".253",".426",".289","0.715","63","11"
"Guerrero Jr., Vladimir","665489","2022","23","638","175","32",".274",".480",".339","0.819","97","8"
"Soto, Juan","665742","2022","23","524","127","27",".242",".452",".401","0.853","62","6"
"Giménez, Andrés","665926","2022","23","491","146","17",".297",".466",".371","0.837","69","20"
"Bichette, Bo","666182","2022","24","652","189","24",".290",".469",".333","0.802","93","13"
"García, Adolis","666969","2022","29","605","151","27",".250",".456",".300","0.756","101","25"
"Arozarena, Randy","668227","2022","27","586","154","20",".263",".445",".327","0.772","89","32"
"Reynolds, Bryan","668804","2022","27","542","142","27",".262",".461",".345","0.806","62","7"
"Rojas, Josh","668942","2022","28","443","119","9",".269",".391",".349","0.740","56","23"
"Melendez Jr., MJ","669004","2022","23","460","100","18",".217",".393",".313","0.706","62","2"
"Murphy, Sean","669221","2022","27","537","134","18",".250",".426",".332","0.758","66","1"
"Edman, Tommy","669242","2022","27","577","153","13",".265",".400",".324","0.724","57","32"
"Smith, Will","669257","2022","27","508","132","24",".260",".465",".343","0.808","87","1"
"Hays, Austin","669720","2022","26","535","134","16",".250",".413",".306","0.719","60","2"
"Alvarez, Yordan","670541","2022","25","470","144","37",".306",".613",".406","1.019","97","1"
"Kirk, Alejandro","672386","2022","23","470","134","14",".285",".415",".372","0.787","63","0"
"Kim, Ha-Seong","673490","2022","26","517","130","11",".251",".383",".325","0.708","59","12"
"Rodríguez, Julio","677594","2022","21","511","145","28",".284",".509",".345","0.854","75","25"
"Witt Jr., Bobby","677951","2022","22","591","150","20",".254",".428",".294","0.722","80","30"
"Kwan, Steven","680757","2022","24","563","168","6",".298",".400",".373","0.773","52","19"
"Vaughn, Andrew","683734","2022","24","510","138","17",".271",".429",".321","0.750","76","0"
"Turner, Justin","457759","2023","38","558","154","23",".276",".455",".345","0.800","96","4"
"Santana, Carlos","467793","2023","37","550","132","23",".240",".429",".318","0.747","86","6"
"Goldschmidt, Paul","502671","2023","35","593","159","25",".268",".447",".363","0.810","80","11"
"Freeman, Freddie","518692","2023","33","637","211","29",".331",".567",".410","0.977","102","23"
"LeMahieu, DJ","518934","2023","34","497","121","15",".243",".390",".327","0.717","44","2"
"Perez, Salvador","521692","2023","33","538","137","23",".255",".422",".292","0.714","80","0"
"Ozuna, Marcell","542303","2023","32","530","145","40",".274",".558",".346","0.904","100","0"
"Semien, Marcus","543760","2023","32","670","185","29",".276",".478",".348","0.826","100","14"
"Springer III, George","543807","2023","33","613","158","21",".258",".405",".327","0.732","72","20"
"Harper, Bryce","547180","2023","30","457","134","21",".293",".499",".401","0.900","72","11"
"Abreu, José","547989","2023","36","540","128","18",".237",".383",".296","0.679","90","0"
"Díaz, Elias","553869","2023","32","486","130","14",".267",".409",".316","0.725","72","1"
"Suárez, Eugenio","553993","2023","31","598","139","22",".232",".391",".323","0.714","96","2"
"Arenado, Nolan","571448","2023","32","560","149","26",".266",".459",".315","0.774","93","3"
"Hernández, Enrique","571771","2023","31","465","110","11",".237",".357",".289","0.646","61","4"
"Muncy, Max","571970","2023","32","482","102","36",".212",".475",".333","0.808","105","1"
"Walker, Christian","572233","2023","32","582","150","33",".258",".497",".333","0.830","103","11"
"Canha, Mark","592192","2023","34","435","114","11",".262",".400",".355","0.755","62","11"
"Castellanos, Nick","592206","2023","31","626","170","29",".272",".476",".311","0.787","106","11"
"Drury, Brandon","592273","2023","30","485","127","26",".262",".497",".306","0.803","83","0"
"Machado, Manny","592518","2023","30","543","140","30",".258",".462",".319","0.781","91","3"
"Realmuto, J.T.","592663","2023","32","489","123","20",".252",".452",".310","0.762","63","16"
"Renfroe, Hunter","592669","2023","31","498","116","20",".233",".416",".297","0.713","60","0"
"Rosario, Eddie","592696","2023","31","478","122","21",".255",".450",".305","0.755","74","3"
"Yelich, Christian","592885","2023","31","550","153","19",".278",".447",".370","0.817","76","28"
"Merrifield, Whit","593160","2023","34","547","149","11",".272",".382",".318","0.700","67","26"
"Bogaerts, Xander","593428","2023","30","596","170","19",".285",".440",".350","0.790","58","19"
"Profar, Jurickson","595777","2023","30","459","111","9",".242",".368",".321","0.689","46","1"
"Báez, Javier","595879","2023","30","510","113","9",".222",".325",".267","0.592","59","12"
"Lindor, Francisco","596019","2023","29","602","153","31",".254",".470",".336","0.806","98","31"
"Candelario, Jeimer","600869","2023","29","505","127","22",".251",".471",".336","0.807","70","8"
"Bell, Josh","605137","2023","30","547","135","22",".247",".419",".325","0.744","74","0"
"Betts, Mookie","605141","2023","30","584","179","39",".307",".579",".408","0.987","107","14"
"Davis, J.D.","605204","2023","30","480","119","18",".248",".412",".325","0.737","69","1"
"Arcia, Orlando","606115","2023","28","488","129","17",".264",".420",".321","0.741","65","1"
"Hernández, Teoscar","606192","2023","30","625","161","26",".258",".435",".305","0.740","93","7"
"Marte, Ketel","606466","2023","29","569","157","25",".276",".485",".358","0.843","82","8"
"Nimmo, Brandon","607043","2023","30","592","162","24",".274",".466",".363","0.829","68","3"
"Turner, Trea","607208","2023","30","639","170","26",".266",".459",".320","0.779","76","30"
"Ramírez, José","608070","2023","30","611","172","24",".282",".475",".356","0.831","80","28"
"Bregman, Alex","608324","2023","29","622","163","25",".262",".441",".363","0.804","98","3"
"Seager, Corey","608369","2023","29","477","156","33",".327",".623",".390","1.013","96","2"
"Meneses, Joey","608841","2023","31","611","168","13",".275",".401",".321","0.722","89","0"
"Swanson, Dansby","621020","2023","29","565","138","22",".244",".416",".328","0.744","80","9"
"Correa, Carlos","621043","2023","28","514","118","18",".230",".399",".312","0.711","65","0"
"Olson, Matt","621566","2023","29","608","172","54",".283",".604",".389","0.993","139","1"
"Santander, Anthony","623993","2023","28","591","152","28",".257",".472",".325","0.797","95","5"
"Alonso, Pete","624413","2023","28","568","123","46",".217",".504",".318","0.822","118","4"
"Soler, Jorge","624585","2023","31","504","126","36",".250",".512",".341","0.853","75","1"
"Cronenworth, Jake","630105","2023","29","458","105","10",".229",".378",".312","0.690","48","6"
"Anderson, Tim","641313","2023","30","493","121","1",".245",".296",".286","0.582","25","13"
"Bellinger, Cody","641355","2023","27","499","153","26",".307",".525",".356","0.881","97","20"
"Crawford, J.P.","641487","2023","28","534","142","19",".266",".438",".380","0.818","65","2"
"McMahon, Ryan","641857","2023","28","555","133","23",".240",".431",".322","0.753","70","5"
"Smith, Dominic","642086","2023","28","527","134","12",".254",".366",".326","0.692","46","1"
"Rosario, Amed","642708","2023","27","510","134","6",".263",".378",".305","0.683","58","15"
"Adames, Willy","642715","2023","27","553","120","24",".217",".407",".310","0.717","80","5"
"Estrada, Thairo","642731","2023","27","495","134","14",".271",".416",".315","0.731","49","23"
"Benintendi, Andrew","643217","2023","28","562","147","5",".262",".356",".326","0.682","45","13"
"McNeil, Jeff","643446","2023","31","585","158","10",".270",".378",".333","0.711","55","10"
"Albies, Ozzie","645277","2023","26","596","167","33",".280",".513",".336","0.849","109","13"
"Devers, Rafael","646240","2023","26","580","157","33",".271",".500",".351","0.851","100","5"
"Arraez, Luis","650333","2023","26","574","203","10",".354",".469",".393","0.862","69","3"
"Torres, Gleyber","650402","2023","26","596","163","25",".273",".453",".347","0.800","68","13"
"Díaz, Yandy","650490","2023","31","525","173","22",".330",".522",".410","0.932","78","0"
"De La Cruz, Bryan","650559","2023","26","579","149","19",".257",".411",".304","0.715","78","4"
"Chapman, Matt","656305","2023","30","509","122","17",".240",".424",".330","0.754","54","4"
"McKinstry, Zach","656716","2023","28","464","107","9",".231",".351",".302","0.653","35","16"
"Schwarber, Kyle","656941","2023","30","585","115","47",".197",".474",".343","0.817","104","0"
"Thomas, Lane","657041","2023","27","628","168","28",".268",".468",".315","0.783","86","20"
"Verdugo, Alex","657077","2023","27","546","144","13",".264",".421",".324","0.745","54","5"
"Ohtani, Shohei","660271","2023","28","497","151","44",".304",".654",".412","1.066","95","20"
"Acuña Jr., Ronald","660670","2023","25","643","217","41",".337",".596",".416","1.012","106","73"
"Ruiz, Keibert","660688","2023","24","523","136","18",".260",".409",".308","0.717","67","1"
"Contreras, William","661388","2023","25","540","156","17",".289",".457",".367","0.824","78","6"
"Varsho, Daulton","662139","2023","26","527","116","20",".220",".389",".285","0.674","61","16"
"Nootbaar, Lars","663457","2023","25","426","111","14",".261",".418",".367","0.785","46","11"
"Hoerner, Nico","663538","2023","26","619","175","9",".283",".383",".346","0.729","68","43"
"Riley, Austin","663586","2023","26","636","179","37",".281",".516",".345","0.861","97","3"
"Hayes, Ke'Bryan","663647","2023","26","494","134","15",".271",".453",".309","0.762","61","10"
"Tucker, Kyle","663656","2023","26","574","163","29",".284",".517",".369","0.886","112","30"
"India, Jonathan","663697","2023","26","454","111","17",".244",".407",".338","0.745","61","14"
"Raleigh, Cal","663728","2023","26","513","119","30",".232",".456",".306","0.762","75","0"
"Grisham, Trent","663757","2023","26","469","93","13",".198",".352",".315","0.667","50","15"
"Vierling, Matt","663837","2023","26","479","125","10",".261",".388",".329","0.717","44","6"
"Stephenson, Tyler","663886","2023","26","465","113","13",".243",".378",".317","0.695","56","0"
"Lowe, Nathaniel","663993","2023","27","623","163","17",".262",".414",".360","0.774","82","1"
"Happ, Ian","664023","2023","28","580","144","21",".248",".431",".360","0.791","84","14"
"France, Ty","664034","2023","28","587","147","12",".250",".366",".337","0.703","58","1"
"Straw, Myles","664702","2023","28","462","110","1",".238",".297",".301","0.598","29","20"
"Bohm, Alec","664761","2023","26","558","153","20",".274",".437",".327","0.764","97","4"
"Wade Jr., LaMonte","664774","2023","29","429","110","17",".256",".417",".373","0.790","45","2"
"Peña, Jeremy","665161","2023","25","577","152","10",".263",".381",".324","0.705","52","13"
"Tatis Jr., Fernando","665487","2023","24","575","148","25",".257",".449",".322","0.771","78","29"
"Guerrero Jr., Vladimir","665489","2023","24","602","159","26",".264",".444",".345","0.789","94","5"
"Soto, Juan","665742","2023","24","568","156","35",".275",".519",".410","0.929","109","12"
"Taveras, Leody","665750","2023","24","511","136","14",".266",".421",".312","0.733","67","14"
"Giménez, Andrés","665926","2023","24","557","140","15",".251",".399",".314","0.713","62","30"
"Bichette, Bo","666182","2023","25","571","175","20",".306",".475",".339","0.814","73","5"
"García, Adolis","666969","2023","30","555","136","39",".245",".508",".328","0.836","107","9"
"Gurriel Jr., Lourdes","666971","2023","29","551","144","24",".261",".463",".309","0.772","82","5"
"Rooker Jr., Brent","667670","2023","28","463","114","30",".246",".488",".329","0.817","69","4"
"Arozarena, Randy","668227","2023","28","551","140","23",".254",".425",".364","0.789","83","22"
"Steer, Spencer","668715","2023","25","582","158","23",".271",".464",".356","0.820","86","15"
"Reynolds, Bryan","668804","2023","28","574","151","24",".263",".460",".330","0.790","84","12"
"Rutschman, Adley","668939","2023","25","588","163","20",".277",".435",".374","0.809","80","1"
"Melendez Jr., MJ","669004","2023","24","533","125","16",".235",".398",".316","0.714","56","6"
"Edman, Tommy","669242","2023","28","479","119","13",".248",".399",".307","0.706","47","27"
"Smith, Will","669257","2023","28","464","121","19",".261",".438",".359","0.797","76","3"
"Suwinski, Jack","669261","2023","24","447","100","26",".224",".454",".339","0.793","74","13"
"Burger, Jake","669394","2023","27","492","123","34",".250",".518",".309","0.827","80","1"
"Hays, Austin","669720","2023","27","520","143","16",".275",".444",".325","0.769","67","5"
"Paredes, Isaac","670623","2023","24","492","123","31",".250",".488",".352","0.840","98","1"
"Friedl Jr., TJ","670770","2023","27","488","136","18",".279",".467",".352","0.819","66","27"
"Casas, Triston","671213","2023","23","429","113","24",".263",".490",".367","0.857","65","0"
"Harris II, Michael","671739","2023","22","505","148","18",".293",".477",".331","0.808","57","20"
"Garcia, Maikel","672580","2023","23","464","126","4",".272",".358",".323","0.681","50","23"
"Robert Jr., Luis","673357","2023","25","546","144","38",".264",".542",".315","0.857","80","20"
"Kim, Ha-Seong","673490","2023","27","538","140","17",".260",".398",".351","0.749","60","38"
"Suzuki, Seiya","673548","2023","28","515","147","20",".285",".485",".357","0.842","74","6"
"Jung, Josh","673962","2023","25","478","127","23",".266",".467",".315","0.782","70","1"
"Rodríguez, Julio","677594","2023","22","654","180","32",".275",".485",".333","0.818","103","37"
"Witt Jr., Bobby","677951","2023","23","641","177","30",".276",".495",".319","0.814","96","49"
"Tovar, Ezequiel","678662","2023","21","581","147","15",".253",".408",".287","0.695","73","11"
"Torkelson, Spencer","679529","2023","23","606","141","31",".233",".446",".313","0.759","94","3"
"Kwan, Steven","680757","2023","25","638","171","5",".268",".370",".340","0.710","54","21"
"Stott, Bryson","681082","2023","25","585","164","15",".280",".419",".329","0.748","62","31"
"Outman, James","681546","2023","26","483","120","23",".248",".437",".353","0.790","70","16"
"Abrams, CJ","682928","2023","22","563","138","18",".245",".412",".300","0.712","64","47"
"Carroll, Corbin","682998","2023","22","565","161","25",".285",".506",".362","0.868","76","54"
"Henderson, Gunnar","683002","2023","22","560","143","28",".255",".489",".325","0.814","82","10"
"Volpe, Anthony","683011","2023","22","541","113","21",".209",".383",".283","0.666","60","24"
"Vaughn, Andrew","683734","2023","25","566","146","21",".258",".429",".314","0.743","80","0"
"Yoshida, Masataka","807799","2023","29","537","155","15",".289",".445",".338","0.783","72","8"
"Blackmon, Charlie","453568","2024","37","40","13","1",".325",".575",".372","0.947","6","1"
"Turner, Justin","457759","2024","39","31","9","1",".290",".548",".410","0.958","5","0"
"Santana, Carlos","467793","2024","38","29","4","0",".138",".172",".242","0.414","1","0"
"Goldschmidt, Paul","502671","2024","36","40","8","1",".200",".275",".319","0.594","6","0"
"Altuve, Jose","514888","2024","34","44","15","3",".341",".636",".408","1.044","3","0"
"Marte, Starling","516782","2024","35","38","10","1",".263",".368",".333","0.701","2","2"
"Freeman, Freddie","518692","2024","34","46","16","1",".348",".457",".466","0.923","8","1"
"Rizzo, Anthony","519203","2024","34","41","9","1",".220",".317",".333","0.650","4","0"
"Stanton, Giancarlo","519317","2024","34","36","9","3",".250",".556",".270","0.826","6","0"
"Perez, Salvador","521692","2024","34","39","13","2",".333",".513",".366","0.879","9","0"
"Ozuna, Marcell","542303","2024","33","40","13","5",".325",".750",".341","1.091","12","0"
"Rendon, Anthony","543685","2024","34","37","6","0",".162",".216",".205","0.421","0","0"
"Semien, Marcus","543760","2024","33","40","11","1",".275",".375",".396","0.771","9","0"
"Springer III, George","543807","2024","34","42","7","2",".167",".357",".300","0.657","2","0"
"Trout, Mike","545361","2024","32","37","11","5",".297",".757",".381","1.138","6","2"
"Harper, Bryce","547180","2024","31","34","9","3",".265",".588",".359","0.947","7","1"
"Abreu, José","547989","2024","37","30","2","0",".067",".067",".152","0.219","0","0"
"Díaz, Elias","553869","2024","33","30","9","1",".300",".400",".333","0.733","5","0"
"Suárez, Eugenio","553993","2024","32","42","12","1",".286",".405",".354","0.759","7","0"
"Arenado, Nolan","571448","2024","33","46","12","0",".261",".326",".271","0.597","4","0"
"Haniger, Mitch","571745","2024","33","35","9","1",".257",".400",".333","0.733","4","0"
"Muncy, Max","571970","2024","33","44","12","1",".273",".409",".353","0.762","7","0"
"Walker, Christian","572233","2024","33","45","12","3",".267",".489",".353","0.842","10","0"
"Bryant, Kris","592178","2024","32","32","4","1",".125",".219",".263","0.482","4","0"
"Canha, Mark","592192","2024","35","29","6","2",".207",".448",".395","0.843","4","1"
"Castellanos, Nick","592206","2024","32","35","4","0",".114",".114",".244","0.358","2","0"
"Drury, Brandon","592273","2024","31","31","5","0",".161",".161",".278","0.439","1","0"
"Judge, Aaron","592450","2024","32","40","7","2",".175",".375",".333","0.708","6","0"
"Machado, Manny","592518","2024","31","50","9","2",".180",".340",".268","0.608","7","0"
"Realmuto, J.T.","592663","2024","33","30","9","2",".300",".500",".364","0.864","4","0"
"Yelich, Christian","592885","2024","32","30","9","4",".300",".700",".382","1.082","6","2"
"Bogaerts, Xander","593428","2024","31","52","13","1",".250",".327",".304","0.631","6","1"
"Polanco, Jorge","593871","2024","30","40","7","1",".175",".250",".267","0.517","3","0"
"Profar, Jurickson","595777","2024","31","39","12","1",".308",".487",".426","0.913","7","0"
"Lindor, Francisco","596019","2024","30","40","3","1",".075",".175",".208","0.383","2","0"
"Story, Trevor","596115","2024","31","31","7","0",".226",".323",".294","0.617","4","1"
"Candelario, Jeimer","600869","2024","30","38","7","1",".184",".368",".256","0.624","4","0"
"Ahmed, Nick","605113","2024","34","32","7","0",".219",".250",".265","0.515","3","0"
"Bell, Josh","605137","2024","31","42","9","1",".214",".310",".313","0.623","6","0"
"Betts, Mookie","605141","2024","31","48","18","5",".375",".792",".508","1.300","11","2"
"Davis, J.D.","605204","2024","31","34","9","2",".265",".500",".324","0.824","2","0"
"Arcia, Orlando","606115","2024","29","36","15","0",".417",".556",".447","1.003","2","0"
"Hernández, Teoscar","606192","2024","31","50","14","4",".280",".560",".333","0.893","14","1"
"Marte, Ketel","606466","2024","30","46","13","3",".283",".543",".340","0.883","7","1"
"Nimmo, Brandon","607043","2024","31","33","7","2",".212",".424",".395","0.819","8","1"
"Turner, Trea","607208","2024","31","41","11","0",".268",".317",".318","0.635","3","3"
"Ramírez, José","608070","2024","31","46","12","2",".261",".478",".277","0.755","9","0"
"Bregman, Alex","608324","2024","30","40","9","0",".225",".300",".311","0.611","2","1"
"Gallo, Joey","608336","2024","30","33","6","2",".182",".455",".308","0.763","3","1"
"Seager, Corey","608369","2024","30","38","14","1",".368",".474",".442","0.916","5","0"
"Winker, Jesse","608385","2024","30","26","7","0",".269",".308",".457","0.765","2","0"
"Meneses, Joey","608841","2024","32","38","8","0",".211",".237",".295","0.532","2","0"
"Swanson, Dansby","621020","2024","30","33","10","2",".303",".576",".415","0.991","7","1"
"Correa, Carlos","621043","2024","29","26","8","0",".308",".385",".471","0.856","3","0"
"Buxton, Byron","621439","2024","30","30","7","0",".233",".333",".303","0.636","4","0"
"Ward, Taylor","621493","2024","30","42","13","3",".310",".571",".326","0.897","11","1"
"Olson, Matt","621566","2024","30","37","11","3",".297",".703",".381","1.084","8","0"
"Ramírez, Harold","623912","2024","29","42","10","0",".238",".262",".238","0.500","3","0"
"Santander, Anthony","623993","2024","29","37","8","2",".216",".432",".231","0.663","10","0"
"Alonso, Pete","624413","2024","29","42","7","2",".167",".310",".222","0.532","3","0"
"Biggio, Cavan","624415","2024","29","28","7","1",".250",".429",".364","0.793","4","0"
"Conforto, Michael","624424","2024","31","37","13","3",".351",".703",".415","1.118","10","0"
"Soler, Jorge","624585","2024","32","40","9","2",".225",".450",".319","0.769","3","0"
"Cronenworth, Jake","630105","2024","30","48","15","1",".313",".500",".382","0.882","11","0"
"Anderson, Tim","641313","2024","31","42","11","0",".262",".286",".295","0.581","1","1"
"Bellinger, Cody","641355","2024","28","39","9","2",".231",".410",".326","0.736","10","0"
"Crawford, J.P.","641487","2024","29","43","6","2",".140",".279",".213","0.492","4","0"
"Heim, Jonah","641680","2024","29","34","8","0",".235",".294",".235","0.529","4","0"
"McMahon, Ryan","641857","2024","29","41","17","2",".415",".610",".468","1.078","8","0"
"O'Neill, Tyler","641933","2024","29","28","10","5",".357",".893",".514","1.407","5","1"
"Tellez, Rowdy","642133","2024","29","29","8","1",".276",".379",".400","0.779","6","0"
"Siri, Jose","642350","2024","28","35","9","1",".257",".400",".395","0.795","3","6"
"Adames, Willy","642715","2024","28","35","9","2",".257",".457",".350","0.807","4","1"
"Estrada, Thairo","642731","2024","28","43","7","1",".163",".256",".159","0.415","6","0"
"Benintendi, Andrew","643217","2024","29","39","6","0",".154",".154",".214","0.368","1","0"
"McNeil, Jeff","643446","2024","32","28","4","1",".143",".250",".273","0.523","1","0"
"Albies, Ozzie","645277","2024","27","38","11","2",".289",".526",".357","0.883","10","1"
"Devers, Rafael","646240","2024","27","32","7","2",".219",".469",".342","0.811","3","0"
"Naylor, Josh","647304","2024","27","33","10","1",".303",".455",".359","0.814","5","0"
"Arraez, Luis","650333","2024","27","44","11","0",".250",".341",".340","0.681","0","0"
"Torres, Gleyber","650402","2024","27","45","10","0",".222",".267",".308","0.575","2","2"
"Díaz, Yandy","650490","2024","32","44","10","1",".227",".341",".286","0.627","9","0"
"De La Cruz, Bryan","650559","2024","27","48","14","1",".292",".375",".292","0.667","1","0"
"Chapman, Matt","656305","2024","31","44","8","2",".182",".364",".250","0.614","9","0"
"Hoskins, Rhys","656555","2024","31","29","6","2",".207",".414",".314","0.728","6","0"
"Joe, Connor","656582","2024","31","37","12","1",".324",".541",".444","0.985","9","1"
"Schwarber, Kyle","656941","2024","31","41","9","2",".220",".366",".289","0.655","5","1"
"Thomas, Lane","657041","2024","28","39","9","1",".231",".308",".311","0.619","7","6"
"Verdugo, Alex","657077","2024","28","38","8","1",".211",".316",".295","0.611","4","0"
"Moncada, Yoán","660162","2024","29","37","10","0",".270",".405",".357","0.762","0","1"
"Ohtani, Shohei","660271","2024","29","55","19","3",".345",".673",".383","1.056","8","1"
"Acuña Jr., Ronald","660670","2024","26","36","8","0",".222",".278",".333","0.611","4","1"
"Ruiz, Keibert","660688","2024","25","31","6","1",".194",".290",".265","0.555","3","0"
"Contreras, William","661388","2024","26","36","14","2",".389",".667",".439","1.106","9","0"
"Varsho, Daulton","662139","2024","27","30","4","0",".133",".167",".235","0.402","0","0"
"Hoerner, Nico","663538","2024","27","32","5","0",".156",".188",".372","0.560","0","0"
"Riley, Austin","663586","2024","27","39","10","2",".256",".487",".310","0.797","8","0"
"Mountcastle, Ryan","663624","2024","27","34","10","1",".294",".529",".350","0.879","8","0"
"Hayes, Ke'Bryan","663647","2024","27","44","13","0",".295",".364",".396","0.760","5","0"
"Tucker, Kyle","663656","2024","27","44","12","2",".273",".455",".347","0.802","7","1"
"India, Jonathan","663697","2024","27","33","8","0",".242",".333",".405","0.738","3","1"
"Rodgers, Brendan","663898","2024","27","38","7","0",".184",".237",".205","0.442","0","0"
"Happ, Ian","664023","2024","29","40","13","0",".325",".450",".438","0.888","8","0"
"Bohm, Alec","664761","2024","27","34","8","0",".235",".353",".350","0.703","6","1"
"Wade Jr., LaMonte","664774","2024","30","30","10","0",".333",".433",".429","0.862","0","0"
"Brown, Seth","664913","2024","31","32","5","0",".156",".156",".229","0.385","3","0"
"Walsh, Jared","665120","2024","30","35","11","1",".314",".457",".385","0.842","5","0"
"Peña, Jeremy","665161","2024","26","40","13","2",".325",".500",".357","0.857","7","1"
"Tatis Jr., Fernando","665487","2024","25","49","14","4",".286",".551",".352","0.903","8","2"
"Guerrero Jr., Vladimir","665489","2024","25","41","9","2",".220",".415",".347","0.762","4","0"
"Soto, Juan","665742","2024","25","42","15","2",".357",".548",".462","1.010","10","0"
"Taveras, Leody","665750","2024","25","28","7","0",".250",".393",".344","0.737","1","1"
"Cabrera, Oswaldo","665828","2024","25","33","11","2",".333",".545",".389","0.934","8","0"
"Cruz, Oneil","665833","2024","25","46","14","2",".304",".457",".347","0.804","4","1"
"Valdez, Enmanuel","665839","2024","25","32","4","1",".125",".219",".143","0.362","6","0"
"Chisholm Jr., Jazz","665862","2024","26","34","7","2",".206",".412",".357","0.769","8","1"
"Giménez, Andrés","665926","2024","25","37","12","0",".324",".514",".422","0.936","7","1"
"Jones, Nolan","666134","2024","26","42","8","0",".190",".286",".292","0.578","4","1"
"Lux, Gavin","666158","2024","26","36","6","0",".167",".194",".211","0.405","1","0"
"Benson, Will","666181","2024","26","35","9","2",".257",".629",".333","0.962","6","2"
"Bichette, Bo","666182","2024","26","35","7","0",".200",".314",".300","0.614","3","0"
"Morel, Christopher","666624","2024","25","40","12","2",".300",".525",".333","0.858","6","0"
"García, Adolis","666969","2024","31","41","11","4",".268",".585",".311","0.896","11","1"
"Gurriel Jr., Lourdes","666971","2024","30","47","14","3",".298",".532",".365","0.897","12","1"
"Arozarena, Randy","668227","2024","29","37","8","2",".216",".378",".293","0.671","4","2"
"Bleday, JJ","668709","2024","26","39","11","1",".282",".462",".333","0.795","5","0"
"Steer, Spencer","668715","2024","26","37","14","3",".378",".757",".465","1.222","14","2"
"Reynolds, Bryan","668804","2024","29","48","12","2",".250",".458",".357","0.815","10","0"
"Turang, Brice","668930","2024","24","29","11","1",".379",".586",".424","1.010","7","7"
"Rutschman, Adley","668939","2024","26","33","10","0",".303",".364",".385","0.749","5","0"
"Melendez Jr., MJ","669004","2024","25","31","10","3",".323",".742",".382","1.124","8","0"
"Campusano, Luis","669134","2024","25","40","14","1",".350",".500",".366","0.866","8","0"
"Smith, Will","669257","2024","29","45","18","0",".400",".489",".429","0.918","9","0"
"Suwinski, Jack","669261","2024","25","38","8","1",".211",".316",".295","0.611","3","0"
"Gorman, Nolan","669357","2024","24","41","8","2",".195",".390",".267","0.657","7","0"
"Burger, Jake","669394","2024","28","42","12","2",".286",".476",".319","0.795","12","0"
"Triolo, Jared","669707","2024","26","40","11","1",".275",".375",".356","0.731","5","1"
"Alvarez, Yordan","670541","2024","27","44","13","4",".295",".614",".367","0.981","9","0"
"Paredes, Isaac","670623","2024","25","39","10","3",".256",".513",".310","0.823","8","0"
"Casas, Triston","671213","2024","24","38","9","1",".237",".342",".326","0.668","3","0"
"Freeman, Tyler","671289","2024","25","31","6","1",".194",".323",".257","0.580","5","2"
"Harris II, Michael","671739","2024","23","36","13","2",".361",".639",".425","1.064","6","1"
"Kirk, Alejandro","672386","2024","25","34","6","0",".176",".176",".237","0.413","7","0"
"Moreno, Gabriel","672515","2024","24","31","5","0",".161",".258",".297","0.555","6","0"
"Garcia, Maikel","672580","2024","24","41","10","3",".244",".561",".273","0.834","9","1"
"Diaz, Yainer","673237","2024","25","38","12","2",".316",".500",".366","0.866","4","0"
"Kim, Ha-Seong","673490","2024","28","48","10","1",".208",".354",".291","0.645","7","3"
"Suzuki, Seiya","673548","2024","29","38","11","2",".289",".526",".383","0.909","12","0"
"Westburg, Jordan","676059","2024","25","31","6","1",".194",".355",".242","0.597","5","0"
"Noda, Ryan","676116","2024","28","33","7","0",".212",".242",".316","0.558","1","0"
"Burleson, Alec","676475","2024","25","33","6","0",".182",".242",".206","0.448","2","0"
"Caballero, José","676609","2024","27","30","9","0",".300",".367",".333","0.700","3","4"
"McCormick, Chas","676801","2024","29","33","7","0",".212",".273",".350","0.623","3","1"
"Rocchio, Brayan","677587","2024","23","33","9","0",".273",".424",".333","0.757","2","0"
"Rodríguez, Julio","677594","2024","23","43","8","0",".186",".209",".239","0.448","3","2"
"Witt Jr., Bobby","677951","2024","24","40","14","2",".350",".675",".409","1.084","2","2"
"Tovar, Ezequiel","678662","2024","22","39","11","2",".282",".487",".364","0.851","6","1"
"Rafaela, Ceddanne","678882","2024","23","30","7","0",".233",".400",".286","0.686","5","1"
"Torkelson, Spencer","679529","2024","24","42","8","0",".190",".262",".244","0.506","2","0"
"Kwan, Steven","680757","2024","26","47","18","1",".383",".489",".396","0.885","3","1"
"Duran, Jarren","680776","2024","27","43","15","1",".349",".419",".404","0.823","5","6"
"Davis, Henry","680779","2024","24","30","4","0",".133",".200",".243","0.443","2","0"
"Gelof, Zack","680869","2024","24","37","9","1",".243",".432",".349","0.781","4","2"
"Donovan, Brendan","680977","2024","27","36","10","1",".278",".472",".422","0.894","6","0"
"Stott, Bryson","681082","2024","26","30","6","0",".200",".233",".324","0.557","3","2"
"O'Hoppe, Logan","681351","2024","24","31","11","1",".355",".548",".429","0.977","6","0"
"Outman, James","681546","2024","27","36","5","1",".139",".250",".262","0.512","4","0"
"Alvarez, Francisco","682626","2024","22","32","9","1",".281",".469",".324","0.793","4","0"
"De La Cruz, Elly","682829","2024","22","37","11","2",".297",".595",".366","0.961","5","6"
"Greene, Riley","682985","2024","23","36","7","3",".194",".472",".326","0.798","5","0"
"Carroll, Corbin","682998","2024","23","40","9","0",".225",".250",".340","0.590","1","3"
"Henderson, Gunnar","683002","2024","23","34","7","2",".206",".441",".282","0.723","6","2"
"Volpe, Anthony","683011","2024","23","36","15","2",".417",".667",".488","1.155","6","3"
"Baty, Brett","683146","2024","24","36","12","1",".333",".417",".385","0.802","5","0"
"Vaughn, Andrew","683734","2024","26","35","6","0",".171",".171",".256","0.427","2","0"
"Busch, Michael","683737","2024","26","31","8","1",".258",".419",".333","0.752","5","0"
"Frelick, Sal","686217","2024","24","30","8","0",".267",".300",".353","0.653","2","2"
"Pasquantino, Vinnie","686469","2024","26","33","4","0",".121",".121",".216","0.337","0","0"
"Doyle, Brenton","686668","2024","26","40","11","2",".275",".525",".310","0.835","5","0"
"Neto, Zach","687263","2024","23","35","7","0",".200",".257",".243","0.500","4","1"
"Scott II, Victor","687363","2024","23","39","3","0",".077",".128",".163","0.291","0","2"
"Encarnacion-Strand, Christian","687952","2024","24","44","6","1",".136",".250",".133","0.383","5","0"
"Keith, Colt","690993","2024","22","32","8","0",".250",".281",".333","0.614","3","1"
"Walker, Jordan","691023","2024","22","33","6","0",".182",".273",".263","0.536","2","0"
"Winn, Masyn","691026","2024","22","30","10","0",".333",".400",".344","0.744","3","1"
"Chourio, Jackson","694192","2024","20","36","10","2",".278",".472",".316","0.788","7","1"
"Schanuel, Nolan","694384","2024","22","27","2","1",".074",".185",".297","0.482","4","0"
"Carter, Evan","694497","2024","21","29","5","0",".172",".276",".385","0.661","2","1"
"Langford, Wyatt","694671","2024","22","43","11","0",".256",".326",".298","0.624","6","0"
"Merrill, Jackson","701538","2024","21","37","12","1",".324",".459",".405","0.864","2","1"
"Lipscomb III, Trey","702358","2024","24","34","9","1",".265",".353",".286","0.639","3","4"
"Yoshida, Masataka","807799","2024","30","33","8","0",".242",".303",".342","0.645","3","0"
"Lee, Jung Hoo","808982","2024","25","42","10","1",".238",".333",".306","0.639","4","0"